date,edits
September 27 2013,12
October 09 2013,2
October 16 2013,3
October 17 2013,19
October 21 2013,2
October 23 2013,26
October 24 2013,12
October 25 2013,5
October 28 2013,6
October 30 2013,4
October 31 2013,4
November 01 2013,7
November 07 2013,1
November 11 2013,3
November 15 2013,1
November 18 2013,5
November 21 2013,2
December 09 2013,2
December 11 2013,3
December 16 2013,2
December 18 2013,14
December 23 2013,8
December 24 2013,5
January 02 2014,17
January 03 2014,2
January 06 2014,26
January 07 2014,12
January 08 2014,4
January 09 2014,26
January 10 2014,86
January 13 2014,47
January 15 2014,1
January 16 2014,4
January 21 2014,4
January 22 2014,18
January 28 2014,4
February 03 2014,2
February 04 2014,3
February 05 2014,8
February 07 2014,2
February 10 2014,3
February 11 2014,4
February 12 2014,5
February 13 2014,11
February 17 2014,2
February 18 2014,6
February 19 2014,3
February 20 2014,28
February 25 2014,2
February 26 2014,6
February 28 2014,3
March 04 2014,7
March 06 2014,1
March 11 2014,19
March 12 2014,4
March 13 2014,1
March 18 2014,34
March 19 2014,23
March 20 2014,7
March 25 2014,1
April 02 2014,12
April 04 2014,8
April 08 2014,4
April 09 2014,1
April 11 2014,4
April 15 2014,5
April 16 2014,6
April 22 2014,6
April 23 2014,9
April 28 2014,8
April 30 2014,5
May 01 2014,9
May 05 2014,6
May 06 2014,2
May 07 2014,4
May 08 2014,6
May 12 2014,5
May 13 2014,13
May 14 2014,22
May 15 2014,14
May 23 2014,1
May 26 2014,5
May 28 2014,7
May 29 2014,7
June 02 2014,2
June 08 2014,9
June 09 2014,8
June 11 2014,1
June 12 2014,28
June 16 2014,4
June 17 2014,5
June 18 2014,16
June 19 2014,30
June 25 2014,7
June 26 2014,16
June 27 2014,16
July 02 2014,15
July 04 2014,17
July 07 2014,3
July 08 2014,7
July 09 2014,16
July 10 2014,36
July 11 2014,8
July 14 2014,26
July 15 2014,10
July 16 2014,2
July 17 2014,62
July 18 2014,17
July 19 2014,11
July 22 2014,44
July 23 2014,8
July 24 2014,28
July 28 2014,10
July 29 2014,6
July 30 2014,12
July 31 2014,8
August 01 2014,22
August 04 2014,6
August 06 2014,11
August 07 2014,11
August 08 2014,51
August 11 2014,2
August 12 2014,8
August 13 2014,15
August 14 2014,29
August 18 2014,8
August 19 2014,24
August 21 2014,8
August 22 2014,15
August 25 2014,15
August 26 2014,20
August 27 2014,19
August 28 2014,19
August 29 2014,2
September 01 2014,10
September 02 2014,38
September 03 2014,13
September 04 2014,19
September 05 2014,37
September 08 2014,5
September 09 2014,41
September 10 2014,19
September 12 2014,40
September 15 2014,32
September 16 2014,8
September 19 2014,7
September 22 2014,12
September 23 2014,2
September 24 2014,6
September 26 2014,15
September 29 2014,1
September 30 2014,29
October 01 2014,9
October 02 2014,31
October 03 2014,16
October 06 2014,4
October 07 2014,5
October 08 2014,15
October 09 2014,3
October 10 2014,8
October 13 2014,62
October 14 2014,2
October 15 2014,3
October 16 2014,11
October 17 2014,12
October 20 2014,11
October 21 2014,17
October 22 2014,8
October 23 2014,13
October 24 2014,6
October 27 2014,5
October 29 2014,6
October 30 2014,2
October 31 2014,6
November 03 2014,2
November 04 2014,4
November 05 2014,15
November 06 2014,14
November 07 2014,5
November 10 2014,33
November 11 2014,1
November 12 2014,24
November 13 2014,6
November 17 2014,1
November 18 2014,4
November 19 2014,8
November 20 2014,2
November 24 2014,16
November 25 2014,4
November 26 2014,4
November 27 2014,7
November 28 2014,1
December 01 2014,1
December 02 2014,13
December 03 2014,4
December 08 2014,9
December 10 2014,11
December 11 2014,21
December 16 2014,1
December 17 2014,1
December 22 2014,4
December 31 2014,4
January 05 2015,4
January 06 2015,8
January 07 2015,8
January 08 2015,3
January 09 2015,16
January 12 2015,10
January 13 2015,5
January 14 2015,9
January 15 2015,46
January 16 2015,19
January 19 2015,10
January 20 2015,1
January 21 2015,22
January 22 2015,18
January 27 2015,10
January 28 2015,1
January 29 2015,2
February 02 2015,2
February 03 2015,6
February 04 2015,4
February 05 2015,14
February 06 2015,6
February 09 2015,28
February 10 2015,13
February 11 2015,23
February 12 2015,29
February 13 2015,2
February 17 2015,12
February 18 2015,15
February 19 2015,12
February 20 2015,3
February 23 2015,9
February 24 2015,23
February 25 2015,22
February 26 2015,20
February 27 2015,15
March 03 2015,8
March 04 2015,27
March 05 2015,13
March 09 2015,29
March 10 2015,14
March 11 2015,17
March 12 2015,15
March 13 2015,29
March 16 2015,3
March 17 2015,6
March 18 2015,14
March 19 2015,5
March 20 2015,6
March 23 2015,1
March 24 2015,3
March 25 2015,30
March 27 2015,1
March 30 2015,21
March 31 2015,13
April 01 2015,17
April 02 2015,3
April 07 2015,28
April 08 2015,9
April 09 2015,28
April 10 2015,12
April 13 2015,1
April 14 2015,15
April 15 2015,14
April 16 2015,10
April 20 2015,8
April 21 2015,2
April 22 2015,3
April 23 2015,6
April 27 2015,4
April 28 2015,5
April 29 2015,3
April 30 2015,22
May 01 2015,3
May 04 2015,7
May 05 2015,6
May 06 2015,11
May 07 2015,9
May 08 2015,5
May 11 2015,7
May 12 2015,10
May 13 2015,9
May 14 2015,7
May 18 2015,1
May 19 2015,15
May 20 2015,21
May 21 2015,14
May 25 2015,7
May 26 2015,9
May 27 2015,8
May 28 2015,8
May 29 2015,1
June 01 2015,6
June 02 2015,10
June 03 2015,10
June 04 2015,13
June 08 2015,11
June 09 2015,76
June 10 2015,13
June 11 2015,29
June 15 2015,22
June 16 2015,27
June 17 2015,16
June 18 2015,16
June 19 2015,29
June 22 2015,50
June 23 2015,39
June 24 2015,30
June 25 2015,25
June 26 2015,21
June 29 2015,14
June 30 2015,25
July 01 2015,27
July 02 2015,10
July 06 2015,4
July 07 2015,16
July 08 2015,17
July 09 2015,11
July 10 2015,17
July 13 2015,2
July 15 2015,4
July 16 2015,35
July 17 2015,2
July 20 2015,18
July 21 2015,7
July 22 2015,3
July 23 2015,17
July 27 2015,12
July 28 2015,15
July 29 2015,51
July 30 2015,41
July 31 2015,9
August 03 2015,16
August 04 2015,87
August 05 2015,107
August 06 2015,36
August 07 2015,203
August 10 2015,197
August 11 2015,169
August 12 2015,108
August 13 2015,74
August 14 2015,60
August 17 2015,189
August 18 2015,206
August 19 2015,80
August 20 2015,69
August 24 2015,13
August 25 2015,27
August 26 2015,49
August 27 2015,131
August 28 2015,11
September 01 2015,14
September 02 2015,41
September 03 2015,16
September 04 2015,30
September 07 2015,6
September 08 2015,16
September 09 2015,15
September 10 2015,7
September 14 2015,5
September 15 2015,67
September 16 2015,23
September 17 2015,33
September 18 2015,49
September 21 2015,32
September 22 2015,17
September 23 2015,5
September 24 2015,40
September 25 2015,24
September 29 2015,72
September 30 2015,46
October 01 2015,47
October 02 2015,7
October 05 2015,6
October 06 2015,8
October 07 2015,2
October 08 2015,31
October 09 2015,52
October 12 2015,103
October 13 2015,57
October 14 2015,30
October 15 2015,11
October 16 2015,1
October 19 2015,63
October 20 2015,16
October 21 2015,54
October 22 2015,28
October 23 2015,1
October 25 2015,2
October 26 2015,21
October 27 2015,20
October 28 2015,43
October 29 2015,17
October 30 2015,8
November 02 2015,61
November 03 2015,2
November 04 2015,44
November 05 2015,88
November 06 2015,128
November 09 2015,37
November 10 2015,101
November 11 2015,16
November 12 2015,10
November 13 2015,19
November 16 2015,26
November 17 2015,78
November 18 2015,35
November 19 2015,113
November 20 2015,55
November 23 2015,99
November 24 2015,15
November 25 2015,24
November 26 2015,18
November 27 2015,16
November 30 2015,23
December 01 2015,84
December 02 2015,18
December 03 2015,3
December 04 2015,6
December 07 2015,42
December 08 2015,50
December 09 2015,8
December 10 2015,15
December 11 2015,15
December 14 2015,45
December 15 2015,49
December 16 2015,24
December 17 2015,10
December 18 2015,12
December 21 2015,29
December 22 2015,72
December 23 2015,52
December 30 2015,9
January 05 2016,3
January 06 2016,19
January 07 2016,25
January 08 2016,17
January 11 2016,48
January 12 2016,70
January 13 2016,21
January 14 2016,6
January 15 2016,36
January 18 2016,38
January 19 2016,77
January 20 2016,63
January 21 2016,19
January 22 2016,19
January 25 2016,41
January 27 2016,57
January 28 2016,109
January 29 2016,53
February 01 2016,130
February 02 2016,200
February 03 2016,81
February 05 2016,8
February 08 2016,19
February 09 2016,228
February 10 2016,256
February 11 2016,50
February 12 2016,9
February 15 2016,8
February 16 2016,24
February 17 2016,119
February 18 2016,120
February 19 2016,15
February 22 2016,522
February 23 2016,73
February 24 2016,520
February 25 2016,49
February 26 2016,48
February 29 2016,91
March 01 2016,508
March 02 2016,162
March 03 2016,224
March 04 2016,275
March 07 2016,33
March 08 2016,698
March 09 2016,156
March 10 2016,112
March 11 2016,700
March 14 2016,16
March 15 2016,206
March 16 2016,141
March 17 2016,109
March 18 2016,113
March 21 2016,37
March 22 2016,139
March 23 2016,116
March 24 2016,63
March 29 2016,59
March 30 2016,44
March 31 2016,21
April 01 2016,61
April 03 2016,2
April 04 2016,194
April 05 2016,134
April 06 2016,122
April 07 2016,48
April 08 2016,45
April 11 2016,110
April 12 2016,74
April 13 2016,52
April 14 2016,58
April 15 2016,30
April 18 2016,120
April 19 2016,23
April 20 2016,77
April 21 2016,60
April 22 2016,55
April 26 2016,116
April 27 2016,354
April 28 2016,124
April 29 2016,26
May 02 2016,291
May 03 2016,713
May 04 2016,135
May 05 2016,36
May 06 2016,46
May 09 2016,217
May 10 2016,112
May 11 2016,85
May 12 2016,81
May 13 2016,12
May 16 2016,323
May 17 2016,107
May 18 2016,60
May 19 2016,154
May 20 2016,29
May 23 2016,77
May 24 2016,92
May 25 2016,202
May 26 2016,81
May 27 2016,33
May 30 2016,246
May 31 2016,226
June 01 2016,297
June 02 2016,101
June 03 2016,182
June 06 2016,232
June 07 2016,179
June 08 2016,228
June 09 2016,204
June 10 2016,86
June 13 2016,194
June 14 2016,128
June 15 2016,124
June 16 2016,118
June 17 2016,47
June 20 2016,61
June 21 2016,91
June 22 2016,252
June 23 2016,118
June 24 2016,56
June 27 2016,117
June 28 2016,64
June 29 2016,109
June 30 2016,242
July 01 2016,40
July 04 2016,112
July 05 2016,181
July 06 2016,346
July 07 2016,39
July 08 2016,49
July 11 2016,71
July 12 2016,59
July 13 2016,115
July 14 2016,192
July 15 2016,51
July 18 2016,116
July 19 2016,90
July 20 2016,49
July 21 2016,120
July 22 2016,57
July 25 2016,134
July 26 2016,45
July 27 2016,82
